title,description,identifier,license,license_name,issued,modified,publisher,distribution
Community amateur sports clubs (CASCs) registered with HMRC,Check which sports clubs are registered with HMRC as community amateur sports clubs as at April 2018.,casc,http://www.nationalarchives.gov.uk/doc/open-government-licence/version/3/,Open Government Licence v3.0,,,"{'name': 'HMRC', 'website': 'https://www.gov.uk/government/organisations/hm-revenue-customs'}","[{'downloadURL': 'https://www.gov.uk/government/publications/community-amateur-sports-clubs-casc-registered-with-hmrc--2/numerical', 'accessURL': 'https://www.gov.uk/government/publications/community-amateur-sports-clubs-casc-registered-with-hmrc--2', 'title': 'Community amateur sports clubs (CASCs) registered with HMRC - Numerical'}]"
Community amateur sports clubs (CASCs) registered with HMRC,Check which sports clubs are registered with HMRC as community amateur sports clubs as at April 2018.,casc,http://www.nationalarchives.gov.uk/doc/open-government-licence/version/3/,Open Government Licence v3.0,,,"{'name': 'HMRC', 'website': 'https://www.gov.uk/government/organisations/hm-revenue-customs'}","[{'downloadURL': 'https://www.gov.uk/government/publications/community-amateur-sports-clubs-casc-registered-with-hmrc--2/c', 'accessURL': 'https://www.gov.uk/government/publications/community-amateur-sports-clubs-casc-registered-with-hmrc--2', 'title': 'Community amateur sports clubs (CASCs) registered with HMRC - C'}]"
Community amateur sports clubs (CASCs) registered with HMRC,Check which sports clubs are registered with HMRC as community amateur sports clubs as at April 2018.,casc,http://www.nationalarchives.gov.uk/doc/open-government-licence/version/3/,Open Government Licence v3.0,,,"{'name': 'HMRC', 'website': 'https://www.gov.uk/government/organisations/hm-revenue-customs'}","[{'downloadURL': 'https://www.gov.uk/government/publications/community-amateur-sports-clubs-casc-registered-with-hmrc--2/t-u-v', 'accessURL': 'https://www.gov.uk/government/publications/community-amateur-sports-clubs-casc-registered-with-hmrc--2', 'title': 'Community amateur sports clubs (CASCs) registered with HMRC - T, U, V'}]"
Community amateur sports clubs (CASCs) registered with HMRC,Check which sports clubs are registered with HMRC as community amateur sports clubs as at April 2018.,casc,http://www.nationalarchives.gov.uk/doc/open-government-licence/version/3/,Open Government Licence v3.0,,,"{'name': 'HMRC', 'website': 'https://www.gov.uk/government/organisations/hm-revenue-customs'}","[{'downloadURL': 'https://www.gov.uk/government/publications/community-amateur-sports-clubs-casc-registered-with-hmrc--2/w-x-y-z', 'accessURL': 'https://www.gov.uk/government/publications/community-amateur-sports-clubs-casc-registered-with-hmrc--2', 'title': 'Community amateur sports clubs (CASCs) registered with HMRC - W, X, Y, Z'}]"
Community amateur sports clubs (CASCs) registered with HMRC,Check which sports clubs are registered with HMRC as community amateur sports clubs as at April 2018.,casc,http://www.nationalarchives.gov.uk/doc/open-government-licence/version/3/,Open Government Licence v3.0,,,"{'name': 'HMRC', 'website': 'https://www.gov.uk/government/organisations/hm-revenue-customs'}","[{'downloadURL': 'https://www.gov.uk/government/publications/community-amateur-sports-clubs-casc-registered-with-hmrc--2/h-i-j-k', 'accessURL': 'https://www.gov.uk/government/publications/community-amateur-sports-clubs-casc-registered-with-hmrc--2', 'title': 'Community amateur sports clubs (CASCs) registered with HMRC - H, I, J, K'}]"
Community amateur sports clubs (CASCs) registered with HMRC,Check which sports clubs are registered with HMRC as community amateur sports clubs as at April 2018.,casc,http://www.nationalarchives.gov.uk/doc/open-government-licence/version/3/,Open Government Licence v3.0,,,"{'name': 'HMRC', 'website': 'https://www.gov.uk/government/organisations/hm-revenue-customs'}","[{'downloadURL': 'https://www.gov.uk/government/publications/community-amateur-sports-clubs-casc-registered-with-hmrc--2/s', 'accessURL': 'https://www.gov.uk/government/publications/community-amateur-sports-clubs-casc-registered-with-hmrc--2', 'title': 'Community amateur sports clubs (CASCs) registered with HMRC - S'}]"
Community amateur sports clubs (CASCs) registered with HMRC,Check which sports clubs are registered with HMRC as community amateur sports clubs as at April 2018.,casc,http://www.nationalarchives.gov.uk/doc/open-government-licence/version/3/,Open Government Licence v3.0,,,"{'name': 'HMRC', 'website': 'https://www.gov.uk/government/organisations/hm-revenue-customs'}","[{'downloadURL': 'https://www.gov.uk/government/publications/community-amateur-sports-clubs-casc-registered-with-hmrc--2/o-p-q-r', 'accessURL': 'https://www.gov.uk/government/publications/community-amateur-sports-clubs-casc-registered-with-hmrc--2', 'title': 'Community amateur sports clubs (CASCs) registered with HMRC - O, P, Q, R'}]"
Community amateur sports clubs (CASCs) registered with HMRC,Check which sports clubs are registered with HMRC as community amateur sports clubs as at April 2018.,casc,http://www.nationalarchives.gov.uk/doc/open-government-licence/version/3/,Open Government Licence v3.0,,,"{'name': 'HMRC', 'website': 'https://www.gov.uk/government/organisations/hm-revenue-customs'}","[{'downloadURL': 'https://www.gov.uk/government/publications/community-amateur-sports-clubs-casc-registered-with-hmrc--2/a', 'accessURL': 'https://www.gov.uk/government/publications/community-amateur-sports-clubs-casc-registered-with-hmrc--2', 'title': 'Community amateur sports clubs (CASCs) registered with HMRC - A'}]"
Community amateur sports clubs (CASCs) registered with HMRC,Check which sports clubs are registered with HMRC as community amateur sports clubs as at April 2018.,casc,http://www.nationalarchives.gov.uk/doc/open-government-licence/version/3/,Open Government Licence v3.0,,,"{'name': 'HMRC', 'website': 'https://www.gov.uk/government/organisations/hm-revenue-customs'}","[{'downloadURL': 'https://www.gov.uk/government/publications/community-amateur-sports-clubs-casc-registered-with-hmrc--2/l-m-n', 'accessURL': 'https://www.gov.uk/government/publications/community-amateur-sports-clubs-casc-registered-with-hmrc--2', 'title': 'Community amateur sports clubs (CASCs) registered with HMRC - L, M, N'}]"
Community amateur sports clubs (CASCs) registered with HMRC,Check which sports clubs are registered with HMRC as community amateur sports clubs as at April 2018.,casc,http://www.nationalarchives.gov.uk/doc/open-government-licence/version/3/,Open Government Licence v3.0,,,"{'name': 'HMRC', 'website': 'https://www.gov.uk/government/organisations/hm-revenue-customs'}","[{'downloadURL': 'https://www.gov.uk/government/publications/community-amateur-sports-clubs-casc-registered-with-hmrc--2/d-e-f-g', 'accessURL': 'https://www.gov.uk/government/publications/community-amateur-sports-clubs-casc-registered-with-hmrc--2', 'title': 'Community amateur sports clubs (CASCs) registered with HMRC - D, E, F, G'}]"
Community amateur sports clubs (CASCs) registered with HMRC,Check which sports clubs are registered with HMRC as community amateur sports clubs as at April 2018.,casc,http://www.nationalarchives.gov.uk/doc/open-government-licence/version/3/,Open Government Licence v3.0,,,"{'name': 'HMRC', 'website': 'https://www.gov.uk/government/organisations/hm-revenue-customs'}","[{'downloadURL': 'https://www.gov.uk/government/publications/community-amateur-sports-clubs-casc-registered-with-hmrc--2/b', 'accessURL': 'https://www.gov.uk/government/publications/community-amateur-sports-clubs-casc-registered-with-hmrc--2', 'title': 'Community amateur sports clubs (CASCs) registered with HMRC - B'}]"
Charity Commission for Northern Ireland charity search,,ccni,http://www.nationalarchives.gov.uk/doc/open-government-licence/version/3/,Open Government Licence v3.0,,2020-04-20T23:08:01.243208,"{'name': 'Charity Commission for Northern Ireland', 'website': 'https://www.education-ni.gov.uk/'}","[{'downloadURL': 'https://www.charitycommissionni.org.uk/umbraco/api/charityApi/ExportSearchResultsToCsv/?include=Linked&include=Removed', 'accessURL': 'http://www.charitycommissionni.org.uk/charity-search/', 'title': 'Charity Commission for Northern Ireland charity search'}]"
Government organisations on GOV.UK register,"Government departments, agencies or teams that are on the GOV.UK website",gor,http://www.nationalarchives.gov.uk/doc/open-government-licence/version/3/,Open Government Licence v3.0,,2020-04-20T23:09:05.283362,"{'name': 'Cabinet Office', 'website': 'https://www.gov.uk/government/organisations/cabinet-office'}","[{'downloadURL': 'https://government-organisation.register.gov.uk/records.csv?page-size=5000', 'accessURL': 'https://www.registers.service.gov.uk/registers/government-organisation/', 'title': 'Government organisations on GOV.UK register'}]"
Global Research Identifiers Database,"The Global Research Identifiers Database collects information on research institutions and assigns them a unique identifier.

It draws on information from funding datasets, and claims over 90% coverage of institutions.

It records information on the nature of the research organisation, covering companies, education establishments, healthcare, non-profits, government and other entity types.

GRID also records parent-child relationships between entities, and 'related relationships' for cross-linkages.

It includes cross-linkages to a range of other identifier sources.",grid,https://creativecommons.org/publicdomain/zero/1.0/,Creative Commons Public Domain 1.0 International licence,,2020-04-20T23:09:16.422572,"{'name': 'Digital Science', 'website': 'http://www.digital-science.com/'}","[{'downloadURL': '//doi.org/10.6084/m9.figshare.12022722', 'accessURL': 'https://www.grid.ac/downloads', 'title': 'GRID Download'}]"
Higher Education Statistics Agency,"Higher Education Statistics Agency - we are the experts in UK higher education data and analysis, and the designated data body for England. We collect, process, and publish data about higher education (HE) in the UK. As the trusted source of HE data and analysis, we play a key role in supporting and enhancing the competitive strength of the sector.",hesa,https://creativecommons.org/licenses/by/4.0/,Creative Commons Attribution 4.0 International Licence,,2020-04-20T23:11:33.302405,"{'name': 'HESA', 'website': 'https://www.hesa.ac.uk/'}","[{'downloadURL': 'https://www.hesa.ac.uk/support/providers', 'accessURL': 'https://www.hesa.ac.uk/support/providers', 'title': 'HESA - Higher education providers'}]"
Local authorities in England register,Local authorities in England,lae,http://www.nationalarchives.gov.uk/doc/open-government-licence/version/3/,Open Government Licence v3.0,,2020-04-20T23:11:40.167835,"{'name': 'Ministry of Housing, Communities and Local Government', 'website': 'https://www.gov.uk/government/organisations/ministry-of-housing-communities-and-local-government'}","[{'downloadURL': 'https://local-authority-eng.register.gov.uk/records.csv?page-size=5000', 'accessURL': 'https://www.registers.service.gov.uk/registers/local-authority-eng/', 'title': 'Local authorities in England register'}]"
Local authorites in Northern Ireland register,Local authorities in Northern Ireland,lani,http://www.nationalarchives.gov.uk/doc/open-government-licence/version/3/,Open Government Licence v3.0,,2020-04-20T23:13:12.148896,"{'name': 'Department for Communities (Northern Ireland)', 'website': 'https://www.communities-ni.gov.uk/'}","[{'downloadURL': 'https://local-authority-nir.register.gov.uk/records.csv?page-size=5000', 'accessURL': 'https://www.registers.service.gov.uk/registers/local-authority-nir/', 'title': 'Local authorites in Northern Ireland register'}]"
Local authorites in Scotland register,Local authorities in Scotland,las,http://www.nationalarchives.gov.uk/doc/open-government-licence/version/3/,Open Government Licence v3.0,,2020-04-20T23:13:22.279164,"{'name': 'Scottish Government', 'website': 'https://gov.scot/'}","[{'downloadURL': 'https://local-authority-sct.register.gov.uk/records.csv?page-size=5000', 'accessURL': 'https://www.registers.service.gov.uk/registers/local-authority-sct/', 'title': 'Local authorites in Scotland register'}]"
NHS Organisation Data Service downloads,,nhsods,http://www.nationalarchives.gov.uk/doc/open-government-licence/version/3/,Open Government Licence v3.0,,2020-04-20T23:14:11.210535,"{'name': 'NHS Digital', 'website': 'https://digital.nhs.uk/'}","[{'downloadURL': 'https://files.digital.nhs.uk/assets/ods/current/espha.zip', 'accessURL': 'https://digital.nhs.uk/services/organisation-data-service/data-downloads', 'title': 'NHS Digital Organisation Data Service - Special Health Authorities'}, {'downloadURL': 'https://files.digital.nhs.uk/assets/ods/current/ecsu.zip', 'accessURL': 'https://digital.nhs.uk/services/organisation-data-service/data-downloads', 'title': 'NHS Digital Organisation Data Service - Commissioning Support Units'}, {'downloadURL': 'https://files.digital.nhs.uk/assets/ods/current/ensa.zip', 'accessURL': 'https://digital.nhs.uk/services/organisation-data-service/data-downloads', 'title': 'NHS Digital Organisation Data Service - NHS Support Agencies and Shared Services'}, {'downloadURL': 'https://files.digital.nhs.uk/assets/ods/current/epraccur.zip', 'accessURL': 'https://digital.nhs.uk/services/organisation-data-service/data-downloads', 'title': 'NHS Digital Organisation Data Service - GP practices'}, {'downloadURL': 'https://files.digital.nhs.uk/assets/ods/current/eccg.zip', 'accessURL': 'https://digital.nhs.uk/services/organisation-data-service/data-downloads', 'title': 'NHS Digital Organisation Data Service - Clinical Commissioning Groups'}, {'downloadURL': 'https://files.digital.nhs.uk/assets/ods/current/etr.zip', 'accessURL': 'https://digital.nhs.uk/services/organisation-data-service/data-downloads', 'title': 'NHS Digital Organisation Data Service - NHS Trusts'}, {'downloadURL': 'https://files.digital.nhs.uk/assets/ods/current/ect.zip', 'accessURL': 'https://digital.nhs.uk/services/organisation-data-service/data-downloads', 'title': 'NHS Digital Organisation Data Service - Care Trusts'}, {'downloadURL': 'https://files.digital.nhs.uk/assets/ods/current/wlhb.zip', 'accessURL': 'https://digital.nhs.uk/services/organisation-data-service/data-downloads', 'title': 'NHS Digital Organisation Data Service - Welsh Local Health Boards'}]"
NHS Organisation Data Service downloads,,nhsods,http://www.nationalarchives.gov.uk/doc/open-government-licence/version/3/,Open Government Licence v3.0,,2020-04-20T23:14:11.210535,"{'name': 'NHS Digital', 'website': 'https://digital.nhs.uk/'}","[{'downloadURL': 'https://files.digital.nhs.uk/assets/ods/current/espha.zip', 'accessURL': 'https://digital.nhs.uk/services/organisation-data-service/data-downloads', 'title': 'NHS Digital Organisation Data Service - Special Health Authorities'}, {'downloadURL': 'https://files.digital.nhs.uk/assets/ods/current/ecsu.zip', 'accessURL': 'https://digital.nhs.uk/services/organisation-data-service/data-downloads', 'title': 'NHS Digital Organisation Data Service - Commissioning Support Units'}, {'downloadURL': 'https://files.digital.nhs.uk/assets/ods/current/ensa.zip', 'accessURL': 'https://digital.nhs.uk/services/organisation-data-service/data-downloads', 'title': 'NHS Digital Organisation Data Service - NHS Support Agencies and Shared Services'}, {'downloadURL': 'https://files.digital.nhs.uk/assets/ods/current/epraccur.zip', 'accessURL': 'https://digital.nhs.uk/services/organisation-data-service/data-downloads', 'title': 'NHS Digital Organisation Data Service - GP practices'}, {'downloadURL': 'https://files.digital.nhs.uk/assets/ods/current/eccg.zip', 'accessURL': 'https://digital.nhs.uk/services/organisation-data-service/data-downloads', 'title': 'NHS Digital Organisation Data Service - Clinical Commissioning Groups'}, {'downloadURL': 'https://files.digital.nhs.uk/assets/ods/current/etr.zip', 'accessURL': 'https://digital.nhs.uk/services/organisation-data-service/data-downloads', 'title': 'NHS Digital Organisation Data Service - NHS Trusts'}, {'downloadURL': 'https://files.digital.nhs.uk/assets/ods/current/ect.zip', 'accessURL': 'https://digital.nhs.uk/services/organisation-data-service/data-downloads', 'title': 'NHS Digital Organisation Data Service - Care Trusts'}, {'downloadURL': 'https://files.digital.nhs.uk/assets/ods/current/wlhb.zip', 'accessURL': 'https://digital.nhs.uk/services/organisation-data-service/data-downloads', 'title': 'NHS Digital Organisation Data Service - Welsh Local Health Boards'}]"
NHS Organisation Data Service downloads,,nhsods,http://www.nationalarchives.gov.uk/doc/open-government-licence/version/3/,Open Government Licence v3.0,,2020-04-20T23:14:11.210535,"{'name': 'NHS Digital', 'website': 'https://digital.nhs.uk/'}","[{'downloadURL': 'https://files.digital.nhs.uk/assets/ods/current/espha.zip', 'accessURL': 'https://digital.nhs.uk/services/organisation-data-service/data-downloads', 'title': 'NHS Digital Organisation Data Service - Special Health Authorities'}, {'downloadURL': 'https://files.digital.nhs.uk/assets/ods/current/ecsu.zip', 'accessURL': 'https://digital.nhs.uk/services/organisation-data-service/data-downloads', 'title': 'NHS Digital Organisation Data Service - Commissioning Support Units'}, {'downloadURL': 'https://files.digital.nhs.uk/assets/ods/current/ensa.zip', 'accessURL': 'https://digital.nhs.uk/services/organisation-data-service/data-downloads', 'title': 'NHS Digital Organisation Data Service - NHS Support Agencies and Shared Services'}, {'downloadURL': 'https://files.digital.nhs.uk/assets/ods/current/epraccur.zip', 'accessURL': 'https://digital.nhs.uk/services/organisation-data-service/data-downloads', 'title': 'NHS Digital Organisation Data Service - GP practices'}, {'downloadURL': 'https://files.digital.nhs.uk/assets/ods/current/eccg.zip', 'accessURL': 'https://digital.nhs.uk/services/organisation-data-service/data-downloads', 'title': 'NHS Digital Organisation Data Service - Clinical Commissioning Groups'}, {'downloadURL': 'https://files.digital.nhs.uk/assets/ods/current/etr.zip', 'accessURL': 'https://digital.nhs.uk/services/organisation-data-service/data-downloads', 'title': 'NHS Digital Organisation Data Service - NHS Trusts'}, {'downloadURL': 'https://files.digital.nhs.uk/assets/ods/current/ect.zip', 'accessURL': 'https://digital.nhs.uk/services/organisation-data-service/data-downloads', 'title': 'NHS Digital Organisation Data Service - Care Trusts'}, {'downloadURL': 'https://files.digital.nhs.uk/assets/ods/current/wlhb.zip', 'accessURL': 'https://digital.nhs.uk/services/organisation-data-service/data-downloads', 'title': 'NHS Digital Organisation Data Service - Welsh Local Health Boards'}]"
NHS Organisation Data Service downloads,,nhsods,http://www.nationalarchives.gov.uk/doc/open-government-licence/version/3/,Open Government Licence v3.0,,2020-04-20T23:14:11.210535,"{'name': 'NHS Digital', 'website': 'https://digital.nhs.uk/'}","[{'downloadURL': 'https://files.digital.nhs.uk/assets/ods/current/espha.zip', 'accessURL': 'https://digital.nhs.uk/services/organisation-data-service/data-downloads', 'title': 'NHS Digital Organisation Data Service - Special Health Authorities'}, {'downloadURL': 'https://files.digital.nhs.uk/assets/ods/current/ecsu.zip', 'accessURL': 'https://digital.nhs.uk/services/organisation-data-service/data-downloads', 'title': 'NHS Digital Organisation Data Service - Commissioning Support Units'}, {'downloadURL': 'https://files.digital.nhs.uk/assets/ods/current/ensa.zip', 'accessURL': 'https://digital.nhs.uk/services/organisation-data-service/data-downloads', 'title': 'NHS Digital Organisation Data Service - NHS Support Agencies and Shared Services'}, {'downloadURL': 'https://files.digital.nhs.uk/assets/ods/current/epraccur.zip', 'accessURL': 'https://digital.nhs.uk/services/organisation-data-service/data-downloads', 'title': 'NHS Digital Organisation Data Service - GP practices'}, {'downloadURL': 'https://files.digital.nhs.uk/assets/ods/current/eccg.zip', 'accessURL': 'https://digital.nhs.uk/services/organisation-data-service/data-downloads', 'title': 'NHS Digital Organisation Data Service - Clinical Commissioning Groups'}, {'downloadURL': 'https://files.digital.nhs.uk/assets/ods/current/etr.zip', 'accessURL': 'https://digital.nhs.uk/services/organisation-data-service/data-downloads', 'title': 'NHS Digital Organisation Data Service - NHS Trusts'}, {'downloadURL': 'https://files.digital.nhs.uk/assets/ods/current/ect.zip', 'accessURL': 'https://digital.nhs.uk/services/organisation-data-service/data-downloads', 'title': 'NHS Digital Organisation Data Service - Care Trusts'}, {'downloadURL': 'https://files.digital.nhs.uk/assets/ods/current/wlhb.zip', 'accessURL': 'https://digital.nhs.uk/services/organisation-data-service/data-downloads', 'title': 'NHS Digital Organisation Data Service - Welsh Local Health Boards'}]"
NHS Organisation Data Service downloads,,nhsods,http://www.nationalarchives.gov.uk/doc/open-government-licence/version/3/,Open Government Licence v3.0,,2020-04-20T23:14:11.210535,"{'name': 'NHS Digital', 'website': 'https://digital.nhs.uk/'}","[{'downloadURL': 'https://files.digital.nhs.uk/assets/ods/current/espha.zip', 'accessURL': 'https://digital.nhs.uk/services/organisation-data-service/data-downloads', 'title': 'NHS Digital Organisation Data Service - Special Health Authorities'}, {'downloadURL': 'https://files.digital.nhs.uk/assets/ods/current/ecsu.zip', 'accessURL': 'https://digital.nhs.uk/services/organisation-data-service/data-downloads', 'title': 'NHS Digital Organisation Data Service - Commissioning Support Units'}, {'downloadURL': 'https://files.digital.nhs.uk/assets/ods/current/ensa.zip', 'accessURL': 'https://digital.nhs.uk/services/organisation-data-service/data-downloads', 'title': 'NHS Digital Organisation Data Service - NHS Support Agencies and Shared Services'}, {'downloadURL': 'https://files.digital.nhs.uk/assets/ods/current/epraccur.zip', 'accessURL': 'https://digital.nhs.uk/services/organisation-data-service/data-downloads', 'title': 'NHS Digital Organisation Data Service - GP practices'}, {'downloadURL': 'https://files.digital.nhs.uk/assets/ods/current/eccg.zip', 'accessURL': 'https://digital.nhs.uk/services/organisation-data-service/data-downloads', 'title': 'NHS Digital Organisation Data Service - Clinical Commissioning Groups'}, {'downloadURL': 'https://files.digital.nhs.uk/assets/ods/current/etr.zip', 'accessURL': 'https://digital.nhs.uk/services/organisation-data-service/data-downloads', 'title': 'NHS Digital Organisation Data Service - NHS Trusts'}, {'downloadURL': 'https://files.digital.nhs.uk/assets/ods/current/ect.zip', 'accessURL': 'https://digital.nhs.uk/services/organisation-data-service/data-downloads', 'title': 'NHS Digital Organisation Data Service - Care Trusts'}, {'downloadURL': 'https://files.digital.nhs.uk/assets/ods/current/wlhb.zip', 'accessURL': 'https://digital.nhs.uk/services/organisation-data-service/data-downloads', 'title': 'NHS Digital Organisation Data Service - Welsh Local Health Boards'}]"
NHS Organisation Data Service downloads,,nhsods,http://www.nationalarchives.gov.uk/doc/open-government-licence/version/3/,Open Government Licence v3.0,,2020-04-20T23:14:11.210535,"{'name': 'NHS Digital', 'website': 'https://digital.nhs.uk/'}","[{'downloadURL': 'https://files.digital.nhs.uk/assets/ods/current/espha.zip', 'accessURL': 'https://digital.nhs.uk/services/organisation-data-service/data-downloads', 'title': 'NHS Digital Organisation Data Service - Special Health Authorities'}, {'downloadURL': 'https://files.digital.nhs.uk/assets/ods/current/ecsu.zip', 'accessURL': 'https://digital.nhs.uk/services/organisation-data-service/data-downloads', 'title': 'NHS Digital Organisation Data Service - Commissioning Support Units'}, {'downloadURL': 'https://files.digital.nhs.uk/assets/ods/current/ensa.zip', 'accessURL': 'https://digital.nhs.uk/services/organisation-data-service/data-downloads', 'title': 'NHS Digital Organisation Data Service - NHS Support Agencies and Shared Services'}, {'downloadURL': 'https://files.digital.nhs.uk/assets/ods/current/epraccur.zip', 'accessURL': 'https://digital.nhs.uk/services/organisation-data-service/data-downloads', 'title': 'NHS Digital Organisation Data Service - GP practices'}, {'downloadURL': 'https://files.digital.nhs.uk/assets/ods/current/eccg.zip', 'accessURL': 'https://digital.nhs.uk/services/organisation-data-service/data-downloads', 'title': 'NHS Digital Organisation Data Service - Clinical Commissioning Groups'}, {'downloadURL': 'https://files.digital.nhs.uk/assets/ods/current/etr.zip', 'accessURL': 'https://digital.nhs.uk/services/organisation-data-service/data-downloads', 'title': 'NHS Digital Organisation Data Service - NHS Trusts'}, {'downloadURL': 'https://files.digital.nhs.uk/assets/ods/current/ect.zip', 'accessURL': 'https://digital.nhs.uk/services/organisation-data-service/data-downloads', 'title': 'NHS Digital Organisation Data Service - Care Trusts'}, {'downloadURL': 'https://files.digital.nhs.uk/assets/ods/current/wlhb.zip', 'accessURL': 'https://digital.nhs.uk/services/organisation-data-service/data-downloads', 'title': 'NHS Digital Organisation Data Service - Welsh Local Health Boards'}]"
NHS Organisation Data Service downloads,,nhsods,http://www.nationalarchives.gov.uk/doc/open-government-licence/version/3/,Open Government Licence v3.0,,2020-04-20T23:14:11.210535,"{'name': 'NHS Digital', 'website': 'https://digital.nhs.uk/'}","[{'downloadURL': 'https://files.digital.nhs.uk/assets/ods/current/espha.zip', 'accessURL': 'https://digital.nhs.uk/services/organisation-data-service/data-downloads', 'title': 'NHS Digital Organisation Data Service - Special Health Authorities'}, {'downloadURL': 'https://files.digital.nhs.uk/assets/ods/current/ecsu.zip', 'accessURL': 'https://digital.nhs.uk/services/organisation-data-service/data-downloads', 'title': 'NHS Digital Organisation Data Service - Commissioning Support Units'}, {'downloadURL': 'https://files.digital.nhs.uk/assets/ods/current/ensa.zip', 'accessURL': 'https://digital.nhs.uk/services/organisation-data-service/data-downloads', 'title': 'NHS Digital Organisation Data Service - NHS Support Agencies and Shared Services'}, {'downloadURL': 'https://files.digital.nhs.uk/assets/ods/current/epraccur.zip', 'accessURL': 'https://digital.nhs.uk/services/organisation-data-service/data-downloads', 'title': 'NHS Digital Organisation Data Service - GP practices'}, {'downloadURL': 'https://files.digital.nhs.uk/assets/ods/current/eccg.zip', 'accessURL': 'https://digital.nhs.uk/services/organisation-data-service/data-downloads', 'title': 'NHS Digital Organisation Data Service - Clinical Commissioning Groups'}, {'downloadURL': 'https://files.digital.nhs.uk/assets/ods/current/etr.zip', 'accessURL': 'https://digital.nhs.uk/services/organisation-data-service/data-downloads', 'title': 'NHS Digital Organisation Data Service - NHS Trusts'}, {'downloadURL': 'https://files.digital.nhs.uk/assets/ods/current/ect.zip', 'accessURL': 'https://digital.nhs.uk/services/organisation-data-service/data-downloads', 'title': 'NHS Digital Organisation Data Service - Care Trusts'}, {'downloadURL': 'https://files.digital.nhs.uk/assets/ods/current/wlhb.zip', 'accessURL': 'https://digital.nhs.uk/services/organisation-data-service/data-downloads', 'title': 'NHS Digital Organisation Data Service - Welsh Local Health Boards'}]"
NHS Organisation Data Service downloads,,nhsods,http://www.nationalarchives.gov.uk/doc/open-government-licence/version/3/,Open Government Licence v3.0,,2020-04-20T23:14:11.210535,"{'name': 'NHS Digital', 'website': 'https://digital.nhs.uk/'}","[{'downloadURL': 'https://files.digital.nhs.uk/assets/ods/current/espha.zip', 'accessURL': 'https://digital.nhs.uk/services/organisation-data-service/data-downloads', 'title': 'NHS Digital Organisation Data Service - Special Health Authorities'}, {'downloadURL': 'https://files.digital.nhs.uk/assets/ods/current/ecsu.zip', 'accessURL': 'https://digital.nhs.uk/services/organisation-data-service/data-downloads', 'title': 'NHS Digital Organisation Data Service - Commissioning Support Units'}, {'downloadURL': 'https://files.digital.nhs.uk/assets/ods/current/ensa.zip', 'accessURL': 'https://digital.nhs.uk/services/organisation-data-service/data-downloads', 'title': 'NHS Digital Organisation Data Service - NHS Support Agencies and Shared Services'}, {'downloadURL': 'https://files.digital.nhs.uk/assets/ods/current/epraccur.zip', 'accessURL': 'https://digital.nhs.uk/services/organisation-data-service/data-downloads', 'title': 'NHS Digital Organisation Data Service - GP practices'}, {'downloadURL': 'https://files.digital.nhs.uk/assets/ods/current/eccg.zip', 'accessURL': 'https://digital.nhs.uk/services/organisation-data-service/data-downloads', 'title': 'NHS Digital Organisation Data Service - Clinical Commissioning Groups'}, {'downloadURL': 'https://files.digital.nhs.uk/assets/ods/current/etr.zip', 'accessURL': 'https://digital.nhs.uk/services/organisation-data-service/data-downloads', 'title': 'NHS Digital Organisation Data Service - NHS Trusts'}, {'downloadURL': 'https://files.digital.nhs.uk/assets/ods/current/ect.zip', 'accessURL': 'https://digital.nhs.uk/services/organisation-data-service/data-downloads', 'title': 'NHS Digital Organisation Data Service - Care Trusts'}, {'downloadURL': 'https://files.digital.nhs.uk/assets/ods/current/wlhb.zip', 'accessURL': 'https://digital.nhs.uk/services/organisation-data-service/data-downloads', 'title': 'NHS Digital Organisation Data Service - Welsh Local Health Boards'}]"
Principal local authorities in Wales register,Principal local authorities in Wales,pla,http://www.nationalarchives.gov.uk/doc/open-government-licence/version/3/,Open Government Licence v3.0,,2020-04-20T23:15:25.887456,"{'name': 'Welsh Government', 'website': 'https://gov.wales/'}","[{'downloadURL': 'https://principal-local-authority.register.gov.uk/records.csv?page-size=5000', 'accessURL': 'https://www.registers.service.gov.uk/registers/principal-local-authority/', 'title': 'Principal local authorities in Wales register'}]"
Current registered providers of social housing,Current registered providers of social housing and new registrations and deregistrations. Covers England,rsl,http://www.nationalarchives.gov.uk/doc/open-government-licence/version/3/,Open Government Licence v3.0,2020-04-09,2020-04-20T23:15:36.046449,"{'name': 'Regulator of Social Housing', 'website': 'https://www.gov.uk/government/organisations/regulator-of-social-housing'}","[{'downloadURL': 'https://assets.publishing.service.gov.uk/government/uploads/system/uploads/attachment_data/file/879048/20200409_List_of_RPs_for_website.xlsx', 'accessURL': 'https://www.gov.uk/government/publications/current-registered-providers-of-social-housing', 'title': 'Current registered providers of social housing'}]"
Department of Education - Institution Search,,nideptofeducation,http://www.nationalarchives.gov.uk/doc/open-government-licence/version/3/,Open Government Licence v3.0,,2020-04-20T23:15:57.334757,"{'name': 'Northern Ireland Department of Education', 'website': 'https://www.education-ni.gov.uk/'}","[{'downloadURL': 'http://apps.education-ni.gov.uk/appinstitutes/default.aspx', 'accessURL': 'http://apps.education-ni.gov.uk/appinstitutes/default.aspx', 'title': 'Institution Search'}]"
School Contact Details,"School contact details as at September 2017 including school names, addresses, pupil rolls, FTE numbers of teachers, urban/rural classification, denomination and proportion of pupils from minority ethnic groups.",schoolsscotland,http://www.nationalarchives.gov.uk/doc/open-government-licence/,Open Government Licence,2019-03-20,2020-04-20T23:16:22.627763,"{'name': 'Scottish Government', 'website': 'https://www.gov.scot/'}","[{'downloadURL': '/Resource/0054/00546836.xlsx', 'accessURL': 'http://www.gov.scot/Topics/Statistics/Browse/School-Education/Datasets/contactdetails', 'title': 'School Contact Details'}]"
Address list of schools,,walesschools,http://www.nationalarchives.gov.uk/doc/open-government-licence/version/3/,Open Government Licence v3.0,,2020-04-20T23:18:50.367402,"{'name': 'Welsh Government', 'website': 'https://gov.wales/'}","[{'downloadURL': 'https://gov.wales/sites/default/files/publications/2020-03/address-list-schools-wales_0.ods', 'accessURL': 'https://gov.wales/address-list-schools', 'title': 'Address list of schools'}]"
